{
    "ticker": "DFSCW",
    "queryCount": 4,
    "resultsCount": 4,
    "adjusted": true,
    "results": [
        {
            "v": 3719,
            "vw": 0.0448,
            "o": 0.0698,
            "c": 0.040001,
            "h": 0.0698,
            "l": 0.0227,
            "t": 1751256000000,
            "n": 7
        },
        {
            "v": 55474,
            "vw": 0.0342,
            "o": 0.03,
            "c": 0.0423,
            "h": 0.047799,
            "l": 0.0231,
            "t": 1751342400000,
            "n": 51
        },
        {
            "v": 23908,
            "vw": 0.0396,
            "o": 0.0406,
            "c": 0.0376,
            "h": 0.0493,
            "l": 0.0281,
            "t": 1751428800000,
            "n": 266
        },
        {
            "v": 29130,
            "vw": 0.0286,
            "o": 0.0282,
            "c": 0.0282,
            "h": 0.030001,
            "l": 0.0282,
            "t": 1751515200000,
            "n": 18
        }
    ],
    "status": "DELAYED",
    "request_id": "5b850ac19c6093b59e82e4091cc69f36",
    "count": 4
}